{"cameraMode":{"drawMode":0,"name":"Shaded","section":"Shading Mode"},"sceneLighting":true,"audioPlay":false,"sceneViewState":{"showFog":true,"showMaterialUpdate":false,"showSkybox":true,"showFlares":true,"showImageEffects":true,"showParticleSystems":true},"in2DMode":false,"pivot":{"x":-1.6152876615524293,"y":-2.342797040939331,"z":1.524160385131836},"rotation":{"x":-0.09882336854934693,"y":0.8966582417488098,"z":-0.2539598047733307,"w":-0.3489161729812622},"size":9.58336353302002,"orthographic":false}